{"resNash_outIso_delta": {"mu": [-0.04128262499999999, 0.014671875000000008, -0.024140625000000023, 0.004745999999999959, -0.00876150000000003, 0.224512875, -0.06661199999999998, -0.38910187499999993, -0.062959125, 0.07061831249999999, 0.0032025000000000074, -0.004674374999999981, -3.7500000000037503e-07, 0.0, 0.0, 0.0, 0.0, 0.34857435000000003, 0.037295024999999975, 0.01524528750000001, 0.005353874999999999, 0.0, 0.083705625, 0.41452706250000004, -0.0786177], "mu_star": [0.04128262499999999, 0.15380212499999998, 0.024226875000000005, 0.005511000000000016, 0.008763750000000011, 0.36908287500000003, 0.06661199999999998, 0.38910187499999993, 0.094308375, 0.07061831249999999, 0.004614750000000004, 0.004995374999999989, 3.7500000000037503e-07, 0.0, 0.0, 0.0, 0.0, 0.35359185000000004, 0.149423025, 0.045579787499999996, 0.00607387499999997, 0.0, 0.083705625, 0.4213520625, 0.09792269999999999], "sigma": [0.067773672945787, 0.20948192803571983, 0.04687439696212101, 0.010487672191673425, 0.00893800145446397, 0.5847286069661398, 0.061402068796580486, 0.3480111750584491, 0.137335169183143, 0.08182645926374077, 0.007872310493114449, 0.009761180618270528, 7.500000000007501e-07, 0.0, 0.0, 0.0, 0.0, 0.5635597136110689, 0.2318981302412818, 0.05459497240662939, 0.005393261681255549, 0.0, 0.03656356556139596, 0.303100523384183, 0.138239391180517], "names": ["z3_factor", "cZ0Z1", "cZ", "c_adr", "k_g", "gamma01", "gammaZ", "f_transp", "FCz2", "FCZ", "SATz2", "SATZ", "WPz2", "WPZ", "W100_30mm", "W100_1550mm", "W100_1555mm", "f_oc", "k_oc", "beta_runoff", "dt_50_aged", "dt_50_ab", "dt_50_ref", "epsilon_iso", "beta_moisture"], "mu_star_conf": [0.058054153541477194, 0.09206881437952484, 0.03938831435250023, 0.008381654213565405, 0.007570212116957016, 0.41379739927377734, 0.052182721669364544, 0.2944176420200111, 0.0935233717858278, 0.0691492215002283, 0.0056644794827855295, 0.008027742366731348, 6.584373735440676e-07, 0.0, 0.0, 0.0, 0.0, 0.47983797050459365, 0.1378514787507789, 0.019876738998211428, 0.0036944544258426977, 0.0, 0.029696836625931197, 0.2474758689370142, 0.10354245578227277]}, "resNash_NcompIso": {"mu": [0.0, -0.021494999999999993, 0.0, 0.0, 0.0, 0.06743370000000001, 0.0, 0.005632124999999981, 0.0, 0.0, 0.0, 0.0, 0.0, 0.0, 0.0, 0.0, 0.0, 0.04462350000000001, 0.05031416249999997, 0.00828375, 0.07740686250000005, 0.0035456250000000383, -0.08178393749999999, 0.8127671625, -0.929748375], "mu_star": [0.0, 0.021494999999999993, 0.0, 0.0, 0.0, 0.07152495, 0.0, 0.005632124999999981, 0.0, 0.0, 0.0, 0.0, 0.0, 0.0, 0.0, 0.0, 0.0, 0.04462350000000001, 0.06555941250000004, 0.031010249999999996, 0.08064161249999997, 0.008437124999999976, 0.20717418749999994, 0.8127671625, 0.929748375], "sigma": [0.0, 0.011114509098471248, 0.0, 0.0, 0.0, 0.05104138322831778, 0.0, 0.00836745565046509, 0.0, 0.0, 0.0, 0.0, 0.0, 0.0, 0.0, 0.0, 0.0, 0.04237917262642111, 0.07744479091588816, 0.04930494637204263, 0.11309853854084771, 0.009922520852207841, 0.25175587782714354, 0.61820345533611, 0.6178124083482481], "names": ["z3_factor", "cZ0Z1", "cZ", "c_adr", "k_g", "gamma01", "gammaZ", "f_transp", "FCz2", "FCZ", "SATz2", "SATZ", "WPz2", "WPZ", "W100_30mm", "W100_1550mm", "W100_1555mm", "f_oc", "k_oc", "beta_runoff", "dt_50_aged", "dt_50_ab", "dt_50_ref", "epsilon_iso", "beta_moisture"], "mu_star_conf": [0.0, 0.009368631360566692, 0.0, 0.0, 0.0, 0.03661211294335494, 0.0, 0.007081669031019987, 0.0, 0.0, 0.0, 0.0, 0.0, 0.0, 0.0, 0.0, 0.0, 0.03680378445673865, 0.052545465241534174, 0.029372181187419258, 0.09318262773498975, 0.0037633335729899704, 0.10241311707202068, 0.5319183216105651, 0.5116567932004502]}, "resNash_ScompIso": {"mu": [0.0, 0.0027836249999999424, 0.0, 0.0, 0.0, 0.03010725000000001, 0.0, 0.0011970000000000106, 0.0, 0.0, 0.0, 0.0, 0.0, 0.0, 0.0, 0.0, 0.0, -0.0033532499999999604, -0.0032928750000000145, 0.0029917499999999736, 0.04202475, 0.0007132500000000055, 0.027725250000000035, 0.222382875, -0.292458], "mu_star": [0.0, 0.0027836249999999424, 0.0, 0.0, 0.0, 0.03010725000000001, 0.0, 0.0015105000000000326, 0.0, 0.0, 0.0, 0.0, 0.0, 0.0, 0.0, 0.0, 0.0, 0.004062000000000024, 0.015200625000000037, 0.005106750000000007, 0.047190750000000004, 0.0028492500000000184, 0.1816994999999999, 0.385067625, 0.292458], "sigma": [0.0, 0.0015705099689273128, 0.0, 0.0, 0.0, 0.014644722522123748, 0.0, 0.001321121682510769, 0.0, 0.0, 0.0, 0.0, 0.0, 0.0, 0.0, 0.0, 0.0, 0.004223419793248149, 0.021738844531448764, 0.00623034258688877, 0.06165061990564251, 0.0034353212731854056, 0.2680381571040772, 0.37941264321127005, 0.15570445542276556], "names": ["z3_factor", "cZ0Z1", "cZ", "c_adr", "k_g", "gamma01", "gammaZ", "f_transp", "FCz2", "FCZ", "SATz2", "SATZ", "WPz2", "WPZ", "W100_30mm", "W100_1550mm", "W100_1555mm", "f_oc", "k_oc", "beta_runoff", "dt_50_aged", "dt_50_ab", "dt_50_ref", "epsilon_iso", "beta_moisture"], "mu_star_conf": [0.0, 0.0012988256475480258, 0.0, 0.0, 0.0, 0.0123094059232787, 0.0, 0.0006701097599162356, 0.0, 0.0, 0.0, 0.0, 0.0, 0.0, 0.0, 0.0, 0.0, 0.0027728797013472166, 0.01172044905344728, 0.0035608432078154295, 0.04709568814737734, 0.0011200653575010502, 0.1483937592845988, 0.09539675438110658, 0.13628686789933533]}, "resNash_VcompIso": {"mu": [0.0, -0.0017466750000000007, 0.0, 0.0, 0.0, 0.039672787500000015, 0.0, 0.002027625000000006, 0.0, 0.0, 0.0, 0.0, 0.0, 0.0, 0.0, 0.0, 0.0, 0.005339887500000006, 0.008811528749999997, -0.00018498750000000078, 0.03521021249999998, 0.0037733999999999997, -0.145099125, 0.68333884125, -0.447250575], "mu_star": [0.0, 0.0029736749999999994, 0.0, 0.0, 0.0, 0.039672787500000015, 0.0, 0.0023283749999999945, 0.0, 0.0, 0.0, 0.0, 0.0, 0.0, 0.0, 0.0, 0.0, 0.006045637500000004, 0.00977077875000002, 0.004560337500000001, 0.03521021249999998, 0.004703399999999993, 0.157498125, 0.68333884125, 0.447250575], "sigma": [0.0, 0.003432783032395142, 0.0, 0.0, 0.0, 0.031238922865883603, 0.0, 0.0031231559459143185, 0.0, 0.0, 0.0, 0.0, 0.0, 0.0, 0.0, 0.0, 0.0, 0.00887446761054572, 0.018263561208285928, 0.0066136647987802555, 0.04243158101238542, 0.0038764659859206745, 0.23128628250949618, 0.3100609964837819, 0.30330393867463623], "names": ["z3_factor", "cZ0Z1", "cZ", "c_adr", "k_g", "gamma01", "gammaZ", "f_transp", "FCz2", "FCZ", "SATz2", "SATZ", "WPz2", "WPZ", "W100_30mm", "W100_1550mm", "W100_1555mm", "f_oc", "k_oc", "beta_runoff", "dt_50_aged", "dt_50_ab", "dt_50_ref", "epsilon_iso", "beta_moisture"], "mu_star_conf": [0.0, 0.0017197998806386082, 0.0, 0.0, 0.0, 0.026103041898114028, 0.0, 0.002467541157143825, 0.0, 0.0, 0.0, 0.0, 0.0, 0.0, 0.0, 0.0, 0.0, 0.0070170505184439505, 0.014920552205819625, 0.003394529652473699, 0.03762156184199555, 0.0018301326184887248, 0.18792336663143291, 0.25738074807639777, 0.26491859151177066]}}