{"resNash_outIso_delta": {"mu": [-0.04128262499999999, 0.014671875000000008, -0.024140625000000023, 0.004745999999999959, -0.00876150000000003, 0.224512875, -0.06661199999999998, -0.38910187499999993, -0.062959125, 0.07061831249999999, 0.0032025000000000074, -0.004674374999999981, -3.7500000000037503e-07, 0.0, 0.0, 0.0, 0.0, 0.34857435000000003, 0.037295024999999975, 0.01524528750000001, 0.005353874999999999, 0.0, 0.083705625, 0.41452706250000004, -0.0786177], "mu_star": [0.04128262499999999, 0.15380212499999998, 0.024226875000000005, 0.005511000000000016, 0.008763750000000011, 0.36908287500000003, 0.06661199999999998, 0.38910187499999993, 0.094308375, 0.07061831249999999, 0.004614750000000004, 0.004995374999999989, 3.7500000000037503e-07, 0.0, 0.0, 0.0, 0.0, 0.35359185000000004, 0.149423025, 0.045579787499999996, 0.00607387499999997, 0.0, 0.083705625, 0.4213520625, 0.09792269999999999], "sigma": [0.067773672945787, 0.20948192803571983, 0.04687439696212101, 0.010487672191673425, 0.00893800145446397, 0.5847286069661398, 0.061402068796580486, 0.3480111750584491, 0.137335169183143, 0.08182645926374077, 0.007872310493114449, 0.009761180618270528, 7.500000000007501e-07, 0.0, 0.0, 0.0, 0.0, 0.5635597136110689, 0.2318981302412818, 0.05459497240662939, 0.005393261681255549, 0.0, 0.03656356556139596, 0.303100523384183, 0.138239391180517], "names": ["z3_factor", "cZ0Z1", "cZ", "c_adr", "k_g", "gamma01", "gammaZ", "f_transp", "FCz2", "FCZ", "SATz2", "SATZ", "WPz2", "WPZ", "W100_30mm", "W100_1550mm", "W100_1555mm", "f_oc", "k_oc", "beta_runoff", "dt_50_aged", "dt_50_ab", "dt_50_ref", "epsilon_iso", "beta_moisture"], "mu_star_conf": [0.05731852492514626, 0.09340247371507562, 0.03964677727283906, 0.008481716362380088, 0.007689828413002529, 0.39402358110439334, 0.05118869406612062, 0.2895268500719569, 0.09284633716432203, 0.07124524947496833, 0.005924127601706182, 0.008227161129580803, 6.178656392846778e-07, 0.0, 0.0, 0.0, 0.0, 0.4814652958790305, 0.13522480676076754, 0.020147445189396478, 0.0036239126862171113, 0.0, 0.0312865705933407, 0.24527895280324985, 0.10204323179467623]}, "resNash_NcompIso": {"mu": [0.0, -0.021494999999999993, 0.0, 0.0, 0.0, 0.06743370000000001, 0.0, 0.005632124999999981, 0.0, 0.0, 0.0, 0.0, 0.0, 0.0, 0.0, 0.0, 0.0, 0.04462350000000001, 0.05031416249999997, 0.00828375, 0.07740686250000005, 0.0035456250000000383, -0.08178393749999999, 0.8127671625, -0.929748375], "mu_star": [0.0, 0.021494999999999993, 0.0, 0.0, 0.0, 0.07152495, 0.0, 0.005632124999999981, 0.0, 0.0, 0.0, 0.0, 0.0, 0.0, 0.0, 0.0, 0.0, 0.04462350000000001, 0.06555941250000004, 0.031010249999999996, 0.08064161249999997, 0.008437124999999976, 0.20717418749999994, 0.8127671625, 0.929748375], "sigma": [0.0, 0.011114509098471248, 0.0, 0.0, 0.0, 0.05104138322831778, 0.0, 0.00836745565046509, 0.0, 0.0, 0.0, 0.0, 0.0, 0.0, 0.0, 0.0, 0.0, 0.04237917262642111, 0.07744479091588816, 0.04930494637204263, 0.11309853854084771, 0.009922520852207841, 0.25175587782714354, 0.61820345533611, 0.6178124083482481], "names": ["z3_factor", "cZ0Z1", "cZ", "c_adr", "k_g", "gamma01", "gammaZ", "f_transp", "FCz2", "FCZ", "SATz2", "SATZ", "WPz2", "WPZ", "W100_30mm", "W100_1550mm", "W100_1555mm", "f_oc", "k_oc", "beta_runoff", "dt_50_aged", "dt_50_ab", "dt_50_ref", "epsilon_iso", "beta_moisture"], "mu_star_conf": [0.0, 0.009519286010312131, 0.0, 0.0, 0.0, 0.036464088392282296, 0.0, 0.00740036974705777, 0.0, 0.0, 0.0, 0.0, 0.0, 0.0, 0.0, 0.0, 0.0, 0.035950281198583074, 0.05248372955573448, 0.030801922314895844, 0.0959732070588034, 0.0038639032143954043, 0.10447158842992782, 0.5185229941171615, 0.532039728929295]}, "resNash_NcompConc_L": {"mu": [0.0, 0.007095375000000008, 0.0, 0.0, 0.0, 0.032494875000000006, 0.0, 0.003275737500000011, 0.0, 0.0, 0.0, 0.0, 0.0, 0.0, 0.0, 0.0, 0.0, -0.253750125, -0.17016975, -0.12998625000000003, 0.07289475000000001, -0.006555000000000019, -0.19072395000000003, -1.3124999999981901e-05, -0.3727205625], "mu_star": [0.0, 0.007095375000000008, 0.0, 0.0, 0.0, 0.04139362500000002, 0.0, 0.005576737500000022, 0.0, 0.0, 0.0, 0.0, 0.0, 0.0, 0.0, 0.0, 0.0, 0.253750125, 0.17016975, 0.12998625000000003, 0.07289475000000001, 0.006555000000000019, 0.19072395000000003, 1.3124999999981901e-05, 0.3727205625], "sigma": [0.0, 0.0031968310187590284, 0.0, 0.0, 0.0, 0.03983937515276189, 0.0, 0.005290939049509569, 0.0, 0.0, 0.0, 0.0, 0.0, 0.0, 0.0, 0.0, 0.0, 0.14264593061690367, 0.05632640040203175, 0.12220176712613451, 0.09309882776786184, 0.007282030623390732, 0.08784080184009027, 3.944933459514863e-06, 0.1580346478134325], "names": ["z3_factor", "cZ0Z1", "cZ", "c_adr", "k_g", "gamma01", "gammaZ", "f_transp", "FCz2", "FCZ", "SATz2", "SATZ", "WPz2", "WPZ", "W100_30mm", "W100_1550mm", "W100_1555mm", "f_oc", "k_oc", "beta_runoff", "dt_50_aged", "dt_50_ab", "dt_50_ref", "epsilon_iso", "beta_moisture"], "mu_star_conf": [0.0, 0.002733381858297737, 0.0, 0.0, 0.0, 0.023110444445677034, 0.0, 0.0007649554442360354, 0.0, 0.0, 0.0, 0.0, 0.0, 0.0, 0.0, 0.0, 0.0, 0.1239465661247399, 0.04995949135315389, 0.10157808258566688, 0.07769973638801946, 0.006186948719803024, 0.07688015450698356, 3.382255838729198e-06, 0.13721509078004812]}, "resNash_ScompConc_L": {"mu": [0.0, 0.005412750000000022, 0.0, 0.0, 0.0, 0.02614507499999999, 0.0, 0.0021319500000000005, 0.0, 0.0, 0.0, 0.0, 0.0, 0.0, 0.0, 0.0, 0.0, -0.20427054, -0.143313, -0.10280598750000002, 0.09102238499999998, -0.0075221999999999945, -0.13993822500000003, -9.374999999998967e-06, -0.3061814025], "mu_star": [0.0, 0.005412750000000022, 0.0, 0.0, 0.0, 0.029983049999999997, 0.0, 0.00492045, 0.0, 0.0, 0.0, 0.0, 0.0, 0.0, 0.0, 0.0, 0.0, 0.20427054, 0.143313, 0.10280598750000002, 0.09102238499999998, 0.0075221999999999945, 0.13993822500000003, 9.374999999998967e-06, 0.3061814025], "sigma": [0.0, 0.0031777363405417884, 0.0, 0.0, 0.0, 0.026177979279300764, 0.0, 0.0052606432030693736, 0.0, 0.0, 0.0, 0.0, 0.0, 0.0, 0.0, 0.0, 0.0, 0.1144045495109631, 0.052231967826226876, 0.10242056966064302, 0.12705586283030354, 0.009097316266899823, 0.08954685366445043, 3.944933459504309e-06, 0.15749958388841862], "names": ["z3_factor", "cZ0Z1", "cZ", "c_adr", "k_g", "gamma01", "gammaZ", "f_transp", "FCz2", "FCZ", "SATz2", "SATZ", "WPz2", "WPZ", "W100_30mm", "W100_1550mm", "W100_1555mm", "f_oc", "k_oc", "beta_runoff", "dt_50_aged", "dt_50_ab", "dt_50_ref", "epsilon_iso", "beta_moisture"], "mu_star_conf": [0.0, 0.002652920784350783, 0.0, 0.0, 0.0, 0.017724948357873443, 0.0, 0.0010365137520321722, 0.0, 0.0, 0.0, 0.0, 0.0, 0.0, 0.0, 0.0, 0.0, 0.09728658572802783, 0.04561990967656736, 0.08713368042873615, 0.10930833411057787, 0.0076917326774781575, 0.07175430047015624, 3.3828207179483907e-06, 0.13577413449255854]}, "resNash_q_m3": {"mu": [1.3561232625000001, -0.1637625375, -0.057761625, -0.027783749999999996, 0.8778794999999999, 0.8949705000000001, 0.6958745249999999, 1.9481345250000002, 0.055967287499999976, 0.15339075, -0.037235999999999915, -0.027071324999999962, 0.0, 0.0, 0.0, 0.0, 0.0, 0.0, 0.0, 0.0, 0.0, 0.0, 0.0, 0.0, 0.0], "mu_star": [1.3972375125, 0.21347928750000003, 0.16120837500000001, 0.04386674999999997, 0.8778794999999999, 0.8949705000000001, 0.6993572249999999, 1.9481345250000002, 0.06044628749999996, 0.15339075, 0.03926849999999995, 0.027077924999999965, 0.0, 0.0, 0.0, 0.0, 0.0, 0.0, 0.0, 0.0, 0.0, 0.0, 0.0, 0.0, 0.0], "sigma": [1.5810556017571855, 0.28689547324200787, 0.2695700395733222, 0.07525636373948713, 0.8701923764840737, 0.8760418595769269, 0.7034964569807742, 0.8881669776860697, 0.09575089421896077, 0.12305593031118, 0.04199350085429881, 0.03826468006951714, 0.0, 0.0, 0.0, 0.0, 0.0, 0.0, 0.0, 0.0, 0.0, 0.0, 0.0, 0.0, 0.0], "names": ["z3_factor", "cZ0Z1", "cZ", "c_adr", "k_g", "gamma01", "gammaZ", "f_transp", "FCz2", "FCZ", "SATz2", "SATZ", "WPz2", "WPZ", "W100_30mm", "W100_1550mm", "W100_1555mm", "f_oc", "k_oc", "beta_runoff", "dt_50_aged", "dt_50_ab", "dt_50_ref", "epsilon_iso", "beta_moisture"],