{"resNash_q_m3": {"mu": [0.01000050000000001, 0.0, -0.05522287500000001, 0.00012675000000000186, -0.03989474999999999, -0.011865750000000022, -0.04031962499999999, -0.00020550000000001817, -0.024779625, 0.025078499999999997, 1.575000000001575e-05, 0.0, 0.07332712499999999], "mu_star": [0.01342500000000002, 0.0, 0.05522287500000001, 0.00012675000000000186, 0.045653250000000006, 0.011865750000000022, 0.040385625000000015, 0.005111249999999991, 0.024779625, 0.025078499999999997, 1.725000000001725e-05, 0.0, 0.07332712499999999], "sigma": [0.014641084334843554, 0.0, 0.005377027437395115, 1.1324751652917451e-05, 0.03471641266389718, 0.013882920144911876, 0.0801892978492922, 0.008345554714936568, 0.03487857894270494, 0.005852700274232363, 1.3991068579632335e-05, 0.0, 0.040097302335225724], "names": ["thsat0", "thsat2", "thfc0", "thfc2", "thwp", "gamma0", "gamma1", "s0", "s1", "clf0", "clf1", "clf2", "cadr1"], "mu_star_conf": [0.0087778621478789513, 0.0, 0.0046394152522950633, 9.6007842478314346e-06, 0.019668552393283797, 0.011522115975065587, 0.066870136110044456, 0.0051522999841754581, 0.03007459714396141, 0.0051819188943870711, 9.9247076908649127e-06, 0.0, 0.034547107912448652]}, "resM_cumLCHz0_L": {"mu": [106.05750000000015, 0.0, 639.5249999999999, 0.0, -246.58875000000023, -677.2537499999999, 1.3762500000000273, -98.54250000000016, 0.5587500000000887, 69.99375000000029, -0.015000000000242153, 0.0, 0.7199999999998568], "mu_star": [215.12249999999986, 0.0, 639.5249999999999, 0.0, 433.8562500000003, 677.2537499999999, 1.3762500000000273, 98.54250000000016, 0.5587500000000887, 72.73125000000019, 0.04500000000004434, 0.0, 0.7199999999998568], "sigma": [286.01584759415, 0.0, 80.33899831339671, 0.0, 450.57879350480994, 531.1737621590978, 1.8541996251749961, 113.86352653505838, 0.3771687288201533, 50.45776656026311, 0.07245688373116373, 0.0, 0.7968374991176769], "names": ["thsat0", "thsat2", "thfc0", "thfc2", "thwp", "gamma0", "gamma1", "s0", "s1", "clf0", "clf1", "clf2", "cadr1"], "mu_star_conf": [161.72114701260628, 0.0, 68.328686033933678, 0.0, 160.3852530044494, 438.37587049895637, 1.6061921508044132, 99.089612102129706, 0.31079464504206333, 37.01644029715878, 0.043178306685183493, 0.0, 0.69253752773084143]}, "resW_cum_q_sim_m3": {"mu": [372.22499999999945, 0.0, -1624.087500000002, 12.037499999999454, -1645.1625000000008, -857.3624999999997, -722.7749999999992, -158.51250000000027, -376.5375000000022, 1094.0999999999995, 1.2749999999991815, 0.0, 645.9375], "mu_star": [442.65000000000055, 0.0, 1624.087500000002, 12.037499999999454, 1645.1625000000008, 857.3624999999997, 722.7749999999992, 219.11249999999973, 376.5375000000022, 1094.0999999999995, 2.47499999999809, 0.0, 645.9375], "sigma": [533.9108422761252, 0.0, 400.2692851381437, 0.5105144464166068, 852.3554925176501, 1159.2409954901536, 1382.9102275635971, 400.49886469876515, 522.1729221484012, 363.0342339229194, 3.4996428389181213, 0.0, 357.6209804038335], "names": ["thsat0", "thsat2", "thfc0", "thfc2", "thwp", "gamma0", "gamma1", "s0", "s1", "clf0", "clf1", "clf2", "cadr1"], "mu_star_conf": [371.24927225807068, 0.0, 342.35675529095846, 0.42649136762500983, 703.61867372361792, 974.34121553111868, 1179.0541076210072, 313.37631460567695, 440.69530914421586, 301.10446177300082, 2.1286425123875472, 0.0, 307.03053923842947]}, "resW_q_sim_ave_m3": {"mu": [3.383624999999988, 0.0, -14.764499999999984, 0.1095000000000006, -14.956125000000004, -7.794374999999988, -6.5700000000000145, -1.4411250000000067, -3.4230000000000054, 9.946500000000011, 0.012000000000014666, 0.0, 5.872124999999986], "mu_star": [4.024124999999998, 0.0, 14.764499999999984, 0.1095000000000006, 14.956125000000004, 7.794374999999988, 6.5700000000000145, 1.991624999999992, 3.4230000000000054, 9.946500000000011, 0.022500000000000853, 0.0, 5.872124999999986], "sigma": [4.853711884990716, 0.0, 3.6390711040044237, 0.004743416490257243, 7.748550061947072, 10.538112713503308, 12.572189129185098, 3.641104785981846, 4.747308447952362, 3.300213174932789, 0.03203123475609515, 0.0, 3.2513305065003713], "names": ["thsat0", "thsat2", "thfc0", "thfc2", "thwp", "gamma0", "gamma1", "s0", "s1", "clf0", "clf1", "clf2", "cadr1"], "mu_star_conf": [3.5757558283575546, 0.0, 3.0567376868500049, 0.0039757337472323242, 6.4516937560217302, 8.9499539618477684, 10.679523666921357, 2.6385753172225774, 4.0755230754571423, 2.6067766402606645, 0.019366867017772647, 0.0, 2.7825931404769566]}, "resM_cumEXP_L": {"mu": [9.101249999999908, 0.0, 190.27874999999977, -0.0037500000000818545, -613.3537500000002, -410.9100000000001, -15.524999999999864, -75.25499999999994, -9.078749999999843, 69.89625000000004, 0.35249999999984993, 0.0, -11.887499999999932], "mu_star": [261.97125000000017, 0.0, 190.27874999999977, 0.0037500000000818545, 685.40625, 410.9100000000001, 15.524999999999864, 75.25499999999994, 9.078749999999843, 81.70125000000004, 0.6824999999998909, 0.0, 11.887499999999932], "sigma": [313.578543121576, 0.0, 118.13406814399474, 0.007500000000163708, 585.1259338007928, 372.9247717033558, 18.633526236330102, 91.09187257928112, 5.6635595035279245, 62.659072018742854, 1.1029845873807929, 0.0, 11.790836484321286], "names": ["thsat0", "thsat2", "thfc0", "thfc2", "thwp", "gamma0", "gamma1", "s0", "s1", "clf0", "clf1", "clf2", "cadr1"], "mu_star_conf": [69.563410678314625, 0.0, 96.430484029762596, 0.0063214766777072856, 402.03784113588472, 313.26501723099273, 15.936538828691132, 79.066241813833926, 4.9078458991369862, 32.95256566590367, 0.74262446581477892, 0.0, 9.9302245744184887]}, "resM_cumDEGz0_L": {"mu": [57.37500000000273, 0.0, -1461.2250000000022, 0.0, 169.01250000000164, 1146.0, 8.212500000000546, 253.98750000000382, 4.199999999998909, -160.91249999999945, -0.0374999999994543, 0.0, 4.6875000000027285], "mu_star": [745.4249999999984, 0.0, 1461.2250000000022, 0.0, 1105.6124999999984, 1146.0, 8.212500000000546, 253.98750000000382, 4.199999999998909, 188.96250000000055, 0.3375000000005457, 0.0, 4.6875000000027285], "sigma": [948.7790904631029, 0.0, 586.2093205502622, 0.0, 1512.0327098396356, 982.9841631481119, 10.850835221311229, 316.0291373038226, 2.7685736399809526, 147.29854250806568, 0.4956056900404707, 0.0, 4.527209405360751], "names": ["thsat0", "thsat2", "thfc0", "thfc2", "thwp", "gamma0", "gamma1", "s0", "s1", "clf0", "clf1", "clf2", "cadr1"], "mu_star_conf": [344.31932321394419, 0.0, 490.12174214078232, 0.0, 719.57337235977297, 811.84700078496303, 9.156271717768524, 272.29361170326888, 2.3839166268285301, 79.561985025621482, 0.26012297231178427, 0.0, 3.7566439193540386]}, "resNash_compConc_L": {"mu": [0.0, 0.0, 0.0, 0.0, 0.0, 0.0, 0.0, 0.0, 0.0, 0.0, 0.0, 0.0, 0.0], "mu_star": [0.0, 0.0, 0.0, 0.0, 0.0, 0.0, 0.0, 0.0, 0.0, 0.0, 0.0, 0.0, 0.0], "sigma": [0.0, 0.0, 0.0, 0.0, 0.0, 0.0, 0.0, 0.0, 0.0, 0.0, 0.0, 0.0, 0.0], "names": ["thsat0", "thsat2", "thfc0", "thfc2", "thwp", "gamma0", "gamma1", "s0", "s1", "clf0", "clf1", "clf2", "cadr1"], "mu_star_conf": [0.0, 0.0, 0.0, 0.0, 0.0, 0.0, 0.0, 0.0, 0.0, 0.0, 0.0, 0.0, 0.0]}}