succ,theta
0,0.471689635
1,0.461503895
2.5,0.455512283
10,0.421759537
31.6,0.405482325
63.1,0.392500499
100,0.386858398
200,0.370131815
500,0.345965648